{
  "provider": "mock",
  "econ": {
    "reward": 1.0,
    "penalty": 1.5,
    "latency_cost": 0.05,
    "guild_query_cost": 0.02
  },
  "env_a": {
    "env": "A (random)",
    "transactions": 120,
    "success_rate": 0.6583333333333333,
    "failure_rate": 0.3416666666666667,
    "avg_price": 0.02139999999999999,
    "avg_latency_ms": 0.003747145334879557,
    "verification_cost": 0.0,
    "avg_utility": 0.1244331459760665,
    "total_utility": 14.93197751712798
  },
  "env_b": {
    "env": "B (Guild)",
    "transactions": 120,
    "success_rate": 0.9333333333333333,
    "failure_rate": 0.06666666666666665,
    "avg_price": 0.04548333333333324,
    "avg_latency_ms": 0.004172325134277344,
    "verification_cost": 2.4,
    "avg_utility": 0.7678497913837431,
    "total_utility": 92.14197496604918
  },
  "free_choice": {
    "transactions": 300,
    "rounds": 30,
    "consumers": 10,
    "adoption_curve": [
      1.0,
      0.0,
      0.3,
      0.4,
      0.1,
      0.5,
      0.3,
      0.5,
      0.3,
      0.3,
      0.4,
      0.6,
      0.5,
      0.6,
      0.6,
      0.6,
      0.6,
      0.7,
      0.6,
      0.7,
      0.7,
      0.8,
      0.8,
      0.7,
      0.7,
      0.8,
      0.8,
      0.8,
      0.8,
      0.8
    ],
    "final_adoption": 0.7699999999999999,
    "mean_utility_guild": 0.6503350393372466,
    "mean_utility_random": 0.23291317603719516,
    "utility_gain": 0.4174218633000514,
    "n_guild_actions": 173,
    "n_random_actions": 127
  },
  "converged": true
}