{
  "meta": {
    "real_mode": false,
    "provider_mode": "mock",
    "models": [
      "mock-1"
    ],
    "total_tx": 152,
    "est_cost": 0.0,
    "seed": 11
  },
  "econ": {
    "reward": 1.0,
    "penalty": 1.5,
    "latency_cost": 0.05,
    "guild_query_cost": 0.02
  },
  "A": {
    "transactions": 40,
    "success_rate": 0.8,
    "failure_rate": 0.19999999999999996,
    "avg_utility": 0.4549809865025992,
    "avg_price": 0.011350000000000004,
    "avg_latency_ms": 673.3802699480182,
    "real_cost_usd": 0.0
  },
  "B": {
    "transactions": 40,
    "success_rate": 0.9,
    "failure_rate": 0.09999999999999998,
    "avg_utility": 0.6565919254000255,
    "avg_price": 0.01922500000000001,
    "avg_latency_ms": 1083.6614919994865,
    "real_cost_usd": 0.0
  },
  "C": {
    "adoption_curve": [
      1.0,
      0.0,
      0.16666666666666666,
      0.5,
      0.3333333333333333,
      0.5,
      0.6666666666666666,
      0.8333333333333334,
      0.8333333333333334,
      0.6666666666666666,
      0.6666666666666666,
      0.8333333333333334
    ],
    "final_adoption": 0.75,
    "mean_utility_guild": 0.6720205644024215,
    "mean_utility_random": 0.20550323681254126,
    "guild_select_success_early": 0.9285714285714286,
    "guild_select_success_late": 0.9285714285714286,
    "n_guild": 42,
    "n_random": 30
  },
  "recommendation": {
    "label": "VALIDATION-ONLY",
    "text": "Offline self-validation only \u2014 no real LLM calls were made. Run with a provider key and --yes to obtain a real-world result before deciding."
  }
}