round,guild_share
0,1.0
1,0.0
2,0.16666666666666666
3,0.5
4,0.3333333333333333
5,0.5
6,0.6666666666666666
7,0.8333333333333334
8,0.8333333333333334
9,0.6666666666666666
10,0.6666666666666666
11,0.8333333333333334
